Workbook
Name виды_работ.: расценки!$B$3:$B$9
Name Стоимость_оказанных_услуг: 'Задание_Отчет_Форма_1-3'!$K$13:$K$13

Sheet Задание_Отчет_Форма_1-3
D1: Приложение № 1 к Договору на оказание услуг № 01-4/25 от «10» апреля 2025 г. | J1: Приложение № 3 к Договору на оказание услуг № 01-4/25 от «10» апреля 2025 г.
D2: На электронную почту: 9624294@gmail.com | J2: № 01-4/25 от «10» апреля 2025 г.
J3: Генеральному директору АО «Северен-Телеком» Ковтонюку А.В.
J4: Ковтонюку А.В.
A5: ЗАДАНИЕ № на оказание услуг об оказанных услугах | G5: ОТЧЕТ № об оказанных услугах | J5: =C5
A6: г. Санкт-Петербург | E6: =B13 | G6: г. Санкт-Петербург | K6: =C13
G8: По состоянию на | H8: =K6 | J8: г. в целях оказания услуг и полученных заданий к До-
A9: Ф.И.О., должность лица, направившего задание – Багров М.С. | G9: говору об оказании услуг № 01-4/25 от «10» апреля 2025 г. Исполнитель оказал следующие услуги:
A10: Данные по заданию (в случае отправки Исполнителю по электронной почте).
A12: Адрес предоставления услуги | B12: Дата передачи задания | C12: Дата выполнения задания | D12: Вид оказанной услуги | G12: Адрес предоставления услуги | H12: Дата передачи задания | I12: Дата выполнения задания | J12: Вид оказанной услуги | K12: Стоимость оказанных услуг, в руб.
G13: =A13 | H13: =B13 | I13: =C13
G22: Итого: | K22: =SUM(K$13:INDIRECT("K"&ROW()-1)) -> 0
A23: От имени Заказчика | D23: От имени Исполнителя | G23: Стоимость оказанных услуг составляет | J23: 14100 ( Четырнадцать тысяч сто ) рублей, 00 копеек,
A24: Генеральный директор АО «Северен-Телеком» | D24: Индивидуальный предприниматель Сагуров Андрей Петрович | G24: НДС не облагается в связи с применением Исполнителем упрощенной системы налогообложения.
A25: ___________________________ /Ковтонюк А.В./ | D25: __________________ /Сагуров А.П./ | G25: От имени Заказчика | J25: От имени Исполнителя
A26: (подпись) | B26: (Ф.И.О.) | D26: (подпись) | E26: (Ф.И.О.) | G26: Генеральный директор АО «Северен-Телеком» | J26: Индивидуальный предприниматель Сагуров Андрей Петрович
G27: __________________ /Ковтонюк А.В./ | J27: _____________________ /Сагуров А.П./
G28: (подпись) | H28: (Ф.И.О.) | J28: (подпись) | K28: (Ф.И.О.)

Sheet ФОРМА_4
AH1: Приложение № 4
AH2: к Договору об оказании услуг
AF3: № 01-4/25 от «10» апреля 2025 г.
R6: АКТ № | V6: ='Задание_Отчет_Форма_1-3'!J5
A8: г.Санкт-Петербург | AN8: ='Задание_Отчет_Форма_1-3'!K6 | AT8: г.
C10: Акционерное общество «Северен-Телеком», далее именуемое «Заказчик», в лице гене-
A11: рального директора Ковтонюка Андрея Владимировича, действующего на основании устава, с одной стороны и Индивидуальный предприниматель Сагуров Андрей Петрович далее именуемое «Исполнитель», в лице Сагурова Андрея Петровича, действующего на основании паспорта 4123 №406829, выданного 17.10.2023 г. ГУ МВД России по г. Санкт-Петербургу и Ленинградской обл-асти, зарегистрированного по адресу: Ленинградская область, Всеволожский р-н, г. Всеволожск, ул. Центральная д.7 кв.32 в качестве индивидуального предпринимателя в Межрайонной инспек-ции Федеральной налоговой службе №2 по Ленинградской области (ОГРНИП 325470400039051) с другой стороны, далее совместно именуемые «Стороны», составили настоящий акт (далее - Акт) о нижеследующем:
D13: 1. | F13: Исполнителем за период с | T13: ='Задание_Отчет_Форма_1-3'!E6 | Z13: г. | AB13: по | AD13: ='Задание_Отчет_Форма_1-3'!K6 | AJ13: г. | AL13: в рамках Договора об
F14: оказании услуг № 01-4/25 от «10» апреля 2025 г (далее - Договор) были оказаны следу-
F15: ющие услуги: в соответствии с отчетом № | AA15: =BI15 | AD15: . | BI15: =V6
D16: 2. | F16: Итого услуг по отчету оказано на сумму
F17: =BI17 -> 14100 ( Четырнадцать тысяч сто ) рублей, 00 копеек, | BI17: {='Задание_Отчет_Форма_1-3'!J23:K23} -> 14100 ( Четырнадцать тысяч сто ) рублей, 00 копеек, | BJ17: 0
F18: НДС не облагается в связи с применением Исполнителем упрощенной системы
F19: налогообложения.
D20: 3. | F20: Вышеуказанные услуги оказаны своевременно в соответствии с условиями Договора об
F21: объеме и качестве услуг.
D22: 4. | F22: Акт составлен и подписан в двух экземплярах, имеющих равную юридическую
F23: силу, по одному для каждой Стороны.
A25: От имени Заказчика | Y25: От имени Исполнителя
A26: Генеральный директор АО «Северен-Телеком» | Y26: Индивидуальный предприниматель Сагуров Андрей Петрович
A27: __________________ | M27: /Ковтонюк А.В./ | Y27: __________________ | AK27: /Сагуров А.П./
A28: (подпись) | M28: (Ф.И.О.) | Y28: (подпись) | AK28: (Ф.И.О.)

Sheet расценки
A3: 1 | B3: 1. Консультации по размещению кабелей ВОК по указанному адресу. 1850 руб. | C3: 1850
A4: 2 | B4: 2. Согласование работ по кабельной трассе с Жилкомсервис или ГУПРЭП. 5250 руб. | C4: 5250
A5: 3 | B5: 3. Согласование работ по кабельной трассе с ТСЖ, ТСН, ЖСК, УК (ООО) без договора на ежемесячные платежи или же с ценой до 1500 руб./мес. 7050 руб | C5: 7050
A6: 4 | B6: 4. Согласование работ по кабельной трассе с ТСЖ, ТСН, ЖСК и других УК при монтаже транзитных воздушных линий связи, по проектам вне административной границы г.Санкт-Петербурга, а также в случаях срочных включений ViP-клиентов или же аварийно-восстановительных работ на адресах абонентов Заказчика. 8600 руб. | C6: 7000
A7: 5 | B7: 5. Содействие выполнению монтажных работ по прокладке кабелей по фасадам подведомственных УК зданий с обеспечением технического надзора. 1850 руб. | C7: 1850
A8: 6 | B8: 6. Содействие в получении необходимого доступа в жилые дома УК, и их технические помещения для выполнения монтажных работ по прокладке кабелей по подвалам, чердакам или с подъемом по фасаду выше первого этажа. 5250 руб | C8: 5250
A9: 7 | B9: 7. Содействие в получении необходимого доступа для проведения монтажных работ в технических помещениях жилых комплексов и других объектов, имеющих паркинги, торгово-офисные зоны ТЦ (БЦ) или являющиеся общественными зданиями, при том, что достигнутые договоренности не подразумевают заключение договора на размещение проложенных кабелей связи с ежемесячными платежом. 8600 руб | C9: 8600

Sheet Лист2
A3: 1 | B3: 1. Консультации по размещению кабелей ВОК по указанному адресу. 1850 руб. | C3: 1850
A4: 2 | B4: 2. Согласование работ по кабельной трассе с Жилкомсервис или ГУПРЭП. 5250 руб. | C4: 5250
A5: 3 | B5: 3. Согласование работ по кабельной трассе с ТСЖ, ТСН, ЖСК, УК (ООО) без договора на ежемесячные платежи или же с ценой до 1500 руб./мес. 7050 руб | C5: 7050
A6: 4 | B6: 4. Согласование работ по кабельной трассе с ТСЖ, ТСН, ЖСК и других УК при монтаже транзитных воздушных линий связи, по проектам вне административной границы г.Санкт-Петербурга, а также в случаях срочных включений ViP-клиентов или же аварийно-восстановительных работ на адресах абонентов Заказчика. 8600 руб. | C6: 8600
A7: 5 | B7: 5. Содействие выполнению монтажных работ по прокладке кабелей по фасадам подведомственных УК зданий с обеспечением технического надзора. 1850 руб. | C7: 1850
A8: 6 | B8: 6. Содействие в получении необходимого доступа в жилые дома УК, и их технические помещения для выполнения монтажных работ по прокладке кабелей по подвалам, чердакам или с подъемом по фасаду выше первого этажа. 5250 руб | C8: 5250
A9: 7 | B9: 7. Содействие в получении необходимого доступа для проведения монтажных работ в технических помещениях жилых комплексов и других объектов, имеющих паркинги, торгово-офисные зоны ТЦ (БЦ) или являющиеся общественными зданиями, при том, что достигнутые договоренности не подразумевают заключение договора на размещение проложенных кабелей связи с ежемесячными платежом. 8600 руб | C9: 8600

Sheet Эксель
A1: № | B1: Скрыть ячейки от просмотра (x) | C1: Акты на закрытие работ | D1: Район города | F1: Адрес предоставления услуги | G1: Акты финансовые даты. Начало отчета | H1: Акты финансовые даты. Начало отчета | I1: Стоимость оказанных услуг, в руб. | J1: Вид оказанной услуги | K1: Дата передачи задания | L1: Вид оказанной услуги | M1: e-mail ( куда отправить письмо) | N1: На имя кого отправить письмо | O1: Тема письма (описать кратко для вставки в шаблон) | P1: Когда отпрвлено письмо ( с какого адреса ) | Q1: Ссылка на отправленное письмо | R1: Статус Выполнения ( ДА, Приостановка, Отказ) | S1: Адрес для актов | T1: Условия входа на адрес | U1: Инженер Северен | V1: Назв. Клиента | W1: Аварийные работы | X1: Статус Выполнения ( ДА, Приостановка, Отказ)2 | Y1: Приостановк/отказ | Z1: Начало работ | AA1: Дата окончания работ | AB1: Исполнитель работ (ПО) | AC1: Фрилансер | AD1: Примечание
C2: 1-8 | D2: Центральный | E2: 29.07.2025 Начало работы 1 Подрядчик ООО “Орбита” Быстров Михаил 1 й адрес конечный Кого подключаем: КОМПЬЮТЕРНЫЙ КЛУБ КИБЕРПРАЙД 01.08.2025 Подготовить письмо на ПИР имя Генеральнму директору УК “МИР” Хрусталеву Денису Григорьевичу. Уважаемый Денис Григорьевич. office@ucmir.ru email 2 й адрес откуда мы тянем УК Возрождение Наши объекты Контакты email:info@mcrenaissance.ru Генеральный директор УК Возрождение Семëнова Инна Николаевна Уважаемая Инна Николаевна адрес г. Санкт-Петербург, 11-я линия В.О., д.14/39 Работы ПИР Контакты 8(812)200-87-02 Секретарь 8(812) 200-87-04 Телефон диспетчерской службы: 1 й адрес конечный Кого подключаем: КОМПЬЮТЕРНЫЙ КЛУБ КИБЕРПРАЙД 01.08.2025 Подготовить письмо на ПИР имя Генеральнму директору УК “МИР” Хрусталеву Денису Григорьевичу. Уважаемый Денис Григорьевич. office@ucmir.ru email 2 й адрес откуда мы тянем УК Возрождение Наши объекты | F2: гор. Санкт-Петербург, Большой В.О. просп., д.41. Номер работы: 35113, г. Санкт-Петербург, 11-я линия В.О., д.14-39_Транзитный адрес. | G2: 45870 | H2: 45880

Sheet 1
G1: Приложение № 4
F2: к Договору об оказании услуг
F3: № 01-4/25 от «10» апреля 2025 г.
A5: АКТ | D5: ='Задание_Отчет_Форма_1-3'!J5
A6: г. Санкт-Петербург | G6: ='Задание_Отчет_Форма_1-3'!K6
A9: Акционерное общество «Северен-Телеком», далее именуемое «Заказчик», в лице генерального директора Ковтонюка Андрея Владимировича, действующего на основании устава, с одной стороны и Индивидуальный предприниматель Сагуров Андрей Петрович далее именуемое «Исполнитель», в лице Сагурова Андрея Петровича, действующего на основании паспорта 4123 №406829, выданного 17.10.2023 г. ГУ МВД России по г. Санкт-Петербургу и Ленинградской области, зарегистрированного по адресу: Ленинградская область, Всеволожский р-н, г. Всеволожск, ул. Центральная д.7 кв.32 в качестве индивидуального предпринимателя в Межрайонной инспекции Федеральной налоговой службе №2 по Ленинградской области (ОГРНИП 325470400039051) с другой стороны, далее совместно именуемые «Стороны», составили настоящий акт (далее - Акт) о нижеследующем:
A11: 1. Исполнителем за период с | D11: ='Задание_Отчет_Форма_1-3'!E6 | E11: по | F11: =G6
A12: в рамках Договора об оказании услуг № 01-4/25 от «10» апреля 2025 г (далее - Договор) были
A13: оказаны следующие услуги: в соответствии с отчетом № | G13: ='Задание_Отчет_Форма_1-3'!J5
A14: 2.Итого услуг по отчету оказано на сумму:
A15: =H15 -> 14100 ( Четырнадцать тысяч сто ) рублей, 00 копеек, | G15: НДС не облагается в связи | H15: {='Задание_Отчет_Форма_1-3'!J23:K23} -> 14100 ( Четырнадцать тысяч сто ) рублей, 00 копеек, | I15: 0
A16: с применением Исполнителем упрощенной системы налогообложения.
A17: 3. Вышеуказанные услуги оказаны своевременно в соответствии с условиями Договора об объеме и качестве услуг.
A18: 4. Акт составлен и подписан в двух экземплярах, имеющих равную юридическую силу, по одному для каждой Стороны.
A20: От имени Заказчика | F20: От имени Исполнителя
A21: Генеральный директор АО «Северен-Телеком» | F21: Индивидуальный предприниматель Сагуров Андрей Петрович
A23: /Ковтонюк А.В./ | F23: Сагуров А.П./
A24: (подпись) (Ф.И.О.) | F24: (подпись) (Ф.И.О.)
